CustomerID,Gender,Age,AnnualIncome,SpendingScore,PurchaseCategory,TransactionDate
382f9a7a-6fdf-4a50-b747-12d18f122338,Male,56,"RM91,995.00",21,Electronics,21/04/2025
0f404236-5f49-4927-95c6-7cd9a4484622,Male,46,"RM30,718.00",81,Groceries,25/04/2024
f147986a-67ce-41af-9130-637a806eedd3,Female,32,"RM57,723.00",87,Books,27/12/2024
8d2be413-0488-4f62-93af-f68946d29201,Male,60,"RM68,824.00",80,Groceries,27/05/2024
af2b87c0-b49e-4dbe-87d6-eccbfaeda043,Male,25,"RM64,214.00",70,Clothing,11/08/2024
215ba72c-3c57-4a13-851e-a0b20bcc7c05,Male,38,"RM50,659.00",72,Books,21/05/2024
9f702359-4a69-4a04-b9ef-44910cd672fb,Male,56,"RM56,878.00",25,Groceries,16/12/2024
f713561b-8f2b-45bf-a2e1-6fdee048f418,Male,36,"RM52,604.00",82,Groceries,18/10/2024
ee0f0858-b766-45bc-a9ba-14200680a037,Female,40,"RM51,159.00",89,Books,21/03/2025
a402cacc-0620-460a-8fd9-82f58fe160d6,Male,28,"RM72,744.00",12,Groceries,27/05/2024
d7cf65a3-6f96-49d9-8113-8e0967785e71,Male,28,"RM65,355.00",15,Books,20/09/2024
a81ecf4b-12ed-4236-b3f1-cb7cd74df57b,Male,41,"RM49,606.00",59,Groceries,01/09/2024
4c2da726-2c9b-40e0-ad7a-41d65a616547,Male,53,"RM73,493.00",26,Electronics,30/11/2024
e386b3bd-e7a8-4697-919e-16d231caefd4,Male,57,"RM64,609.00",26,Books,28/03/2025
e1a128c3-51bc-4358-a435-a35725ba862b,Male,41,"RM72,192.00",47,Electronics,26/11/2024
d65442cc-b1b4-4979-841d-063b5b003c44,Male,20,"RM69,444.00",32,Sports,22/09/2024
ced0220f-b856-4a40-b172-abcbe1cdfba1,Female,39,"RM47,565.00",10,Home & Kitchen,12/09/2024
3c81fe35-b4c3-4452-bb2c-14f201d030d8,Male,19,"RM51,597.00",16,Electronics,03/10/2024
fd08d548-0852-43c4-b07e-0992bc1a9325,Female,41,"RM71,209.00",71,Groceries,31/05/2024
a926f345-700a-4207-8d0e-c81b2a44d0d4,Female,61,"RM69,155.00",17,Clothing,29/01/2025
8366b88d-65be-4648-9f97-0c89877365d4,Male,47,"RM59,686.00",23,Sports,11/10/2024
500d681e-51a7-4b19-a37e-4cbd201b16a1,Male,55,"RM61,759.00",26,Electronics,13/11/2024
7465deea-7bc2-4512-9aaa-cf6c2db23ce2,Female,19,"RM79,164.00",85,Sports,09/12/2024
d2273d22-0c1d-4dfa-9656-0a12cf698a25,Female,38,"RM51,126.00",86,Electronics,26/03/2025
b7068fac-3e0a-41eb-8f73-a2e33cc97c76,Female,50,"RM68,206.00",7,Electronics,15/02/2025
a0fdacbf-f329-4236-903b-98796b3fd7e4,Male,29,"RM56,967.00",14,Clothing,15/05/2024
f95a0b80-6ea4-4c8b-832a-3c5b2c35950b,Male,39,"RM56,734.00",79,Clothing,31/07/2024
d7616d6b-72bf-46bb-8ee7-9044ae81cc2b,Female,61,"RM76,481.00",7,Electronics,13/03/2025
b2796243-5f57-45be-bd41-26b5b3665a6f,Male,42,"RM72,381.00",9,Home & Kitchen,27/02/2025
328032e3-0c33-40b4-bc6e-ff1315e4abfe,Male,44,"RM72,202.00",48,Clothing,01/09/2024
22395a1c-e7bf-4f3b-b9b4-6f9e695e9c37,Female,59,"RM79,582.00",72,Clothing,05/04/2025
a253217e-86a3-4943-8b41-aa3586256cc1,Male,45,"RM60,315.00",59,Clothing,07/08/2024
afad3a81-20b2-47e2-9e65-9b802f419a95,Female,33,"RM70,229.00",87,Books,22/01/2025
58837d31-8941-4ed4-9908-c7aa77b9797b,Female,32,"RM55,345.00",93,Sports,25/03/2025
a8bdd52a-d31b-48f6-a30d-f6e9e40e5636,Female,64,"RM64,862.00",82,Electronics,09/09/2024
2800af9e-cc09-4d71-bbee-2c1a8cdaf653,Male,61,"RM58,047.00",95,Home & Kitchen,26/06/2024
be67ab12-719b-4b47-b1b8-c381dfd0ffe7,Female,20,"RM61,454.00",94,Clothing,22/11/2024
9c2385f8-e5f5-446f-a300-d5bd403e73a0,Male,54,"RM68,927.00",39,Books,17/09/2024
2e0c32a1-d297-4220-861d-d77b95522897,Female,24,"RM47,726.00",99,Sports,07/05/2024
c3fbdb5e-f066-4651-b1a2-918345ba9e9a,Male,38,"RM91,385.00",18,Groceries,24/02/2025
2d563358-d688-4c07-b726-21b5f5a3c70b,Female,26,"RM44,909.00",59,Groceries,24/07/2024
27f3c4a5-7c64-4977-b9d9-b8ce3458c392,Female,56,"RM41,787.00",17,Clothing,11/07/2024
25f47378-8dc1-47a4-9f51-c7fef2e6d5c6,Male,35,"RM77,371.00",14,Home & Kitchen,14/02/2025
c5d327ab-1bb2-42ee-ae73-d020ee9b11a8,Male,21,"RM71,874.00",31,Home & Kitchen,14/01/2025
8caa8a03-c780-4a01-9a52-0af10dc42160,Male,42,"RM69,361.00",24,Sports,13/08/2024
8bdb9e9f-7df4-4d85-bf22-d986ae74039f,Male,31,"RM69,425.00",99,Sports,04/09/2024
fffca8db-87ea-49ae-9e80-ab649b9ec9fb,Female,26,"RM59,816.00",60,Electronics,08/10/2024
f1ba0532-0035-4a1d-886b-f8a97e17854c,Male,43,"RM46,541.00",45,Clothing,15/05/2024
28bae1e2-859f-42de-a5df-3c0942e9915c,Male,19,"RM61,137.00",98,Groceries,24/02/2025
859df1ce-cd17-43db-a7c1-a060eaffd1a3,Male,37,"RM49,842.00",3,Electronics,19/03/2025
bc5a1f7c-35f6-48ff-8602-d6f704a98731,Female,45,"RM74,626.00",37,Home & Kitchen,08/12/2024
54f44301-1b55-4d1b-a1be-936f675a1056,Female,64,"RM57,794.00",43,Electronics,26/12/2024
3661f168-4ee2-44fb-a134-4a006bcd9d67,Female,24,"RM47,617.00",40,Groceries,03/07/2024
da362142-5d14-456f-94c8-160ee9a6b401,Female,61,"RM55,179.00",90,Home & Kitchen,08/07/2024
cd5212c6-29c1-4eb1-baac-57f13c9d0594,Male,25,"RM66,193.00",55,Sports,19/03/2025
fcd27ed4-b2f0-49a1-abf6-dd106b7ca34d,Female,64,"RM51,544.00",87,Books,06/02/2025
47a47b5b-0356-4089-bba6-c8c6ee5b95b5,Female,52,"RM47,666.00",39,Books,06/08/2024
4cb44c03-b220-4698-b9c3-13c5566aa7d8,Male,31,"RM63,655.00",15,Sports,17/08/2024
27fe6365-c229-4ebd-9f01-4bf5d3e50384,Female,34,"RM63,674.00",4,Clothing,20/02/2025
88fec907-fb04-43e9-ae1f-58d4a0f2ccdb,Male,53,"RM52,395.00",93,Electronics,20/04/2025
d6d0be04-5eaf-4f02-bfb4-793e376a48b3,Male,57,"RM52,934.00",86,Home & Kitchen,13/08/2024
3dbad51a-e30e-4072-a6e8-f81b3a6aaf37,Male,21,"RM63,480.00",25,Sports,13/11/2024
8a0903d4-dc5c-4420-83e5-b129389356b6,Male,19,"RM38,278.00",13,Sports,14/06/2024
ddc32cc5-988a-47b8-a13d-cc522566cbf9,Female,23,"RM38,888.00",82,Clothing,28/10/2024
9572992e-b9fe-4729-85c6-0e0997cb8e34,Female,59,"RM49,223.00",33,Electronics,31/05/2024
df0d85db-d247-4c7f-b3ca-441a685496ad,Female,21,"RM56,798.00",16,Sports,09/05/2024
0129428b-b062-43ed-902a-8ea0e1e57254,Male,46,"RM64,663.00",42,Groceries,29/05/2024
6ca1bc0b-713e-4717-9ebf-ff7f1e6bb97e,Female,35,"RM82,130.00",66,Sports,23/03/2025
c8195639-97c5-4793-b298-f0ddf7f1444d,Male,43,"RM72,864.00",55,Home & Kitchen,01/09/2024
9d80b80c-7501-4ac5-9670-20da54eee1dc,Male,61,"RM57,600.00",99,Electronics,24/04/2024
f5873c7b-da4a-4d92-af07-44205536c0af,Male,51,"RM59,714.00",42,Home & Kitchen,14/10/2024
cdf8652e-224c-406e-9d06-5f4985c1f2e2,Female,27,"RM44,962.00",34,Electronics,16/11/2024
b2623270-a01e-4786-a44c-9ec0e71cd280,Female,53,"RM59,722.00",30,Groceries,17/09/2024
9e638491-d6b2-4507-b850-e661698eb489,Female,31,"RM55,670.00",13,Home & Kitchen,04/11/2024
507d4b1a-fa27-4751-8a29-71c583817ce5,Male,48,"RM64,840.00",13,Books,20/02/2025
7990ac09-b508-4437-b82c-e1f7cee1d847,Male,32,"RM47,591.00",18,Sports,27/06/2024
7fa7c220-c7c6-4ec2-baa4-fdc9c7bba8a5,Female,25,"RM67,790.00",32,Groceries,30/10/2024
dc9fb913-ad25-447c-8ec6-7e07a222bc9a,Male,31,"RM82,991.00",96,Electronics,07/02/2025
1c1ef976-c2fc-40e1-8f00-9e3487b39d12,Female,40,"RM58,368.00",99,Home & Kitchen,30/11/2024
e9441501-ec5d-4111-aa82-b2f96ca95335,Female,57,"RM66,025.00",39,Sports,16/02/2025
358d7591-69a5-4408-b18f-057442ed9a87,Female,38,"RM70,352.00",46,Groceries,22/07/2024
7c157829-b1fc-44c0-bf85-9ffa400cdea2,Male,33,"RM53,981.00",29,Electronics,20/03/2025
732f3523-ab7d-43f6-b7b2-0d5ed6991006,Female,62,"RM63,361.00",62,Books,29/03/2025
04c33d4b-ffb5-4639-a5fd-41b52e21df8a,Male,35,"RM60,188.00",93,Books,29/06/2024
ffef4dbe-9309-442a-8456-5e6f90337d73,Male,64,"RM61,465.00",62,Electronics,10/06/2024
c2d7d2a7-333d-4711-97f7-99736fee84a4,Female,41,"RM48,404.00",57,Books,19/03/2025
a811c05e-9542-4c3a-815b-6c530af82d71,Female,43,"RM60,367.00",16,Groceries,30/12/2024
18e5c497-6cf5-466a-a240-fe3532dc5f72,Female,42,"RM67,469.00",56,Sports,15/08/2024
f797dfee-87e8-416d-88da-9ea1c0d1b4c3,Female,62,"RM81,767.00",10,Books,29/07/2024
c835d617-b872-41d4-8412-3607eb6068ac,Male,58,"RM74,389.00",30,Sports,11/12/2024
fb382283-0225-4aa8-9f58-e93b2147b90b,Male,46,"RM92,297.00",25,Clothing,31/10/2024
8fdbebf0-64f2-45a2-a14c-dff3d3b001b6,Female,32,"RM48,489.00",84,Books,22/04/2024
33cda7c0-22fe-41ae-ae36-e7f72dd6ecd0,Male,62,"RM73,084.00",5,Clothing,11/01/2025
cde1e9d2-8eec-49f8-8382-f2b39e407c9e,Male,18,"RM62,750.00",65,Sports,10/11/2024
cff3f98b-8985-4c3c-ab89-59a94e493a3c,Male,42,"RM92,847.00",94,Home & Kitchen,28/07/2024
88965a85-8f39-49eb-acc1-7a63b07afcca,Male,24,"RM47,875.00",49,Sports,09/03/2025
b413498d-2489-4f94-9c94-69216e3ac839,Male,26,"RM47,404.00",3,Groceries,07/01/2025
0da643e9-3314-4f59-9cc3-9cfdb4b60f8c,Female,41,"RM51,009.00",45,Home & Kitchen,29/07/2024
9128514a-8b68-4988-b44c-0d90a33a1baa,Male,18,"RM28,141.00",14,Home & Kitchen,12/01/2025
23c0390c-7804-46ac-a2a2-2a5913c5a6fb,Female,61,"RM52,113.00",30,Books,11/05/2024
f409cb30-f9d1-45a1-a9b9-b886f0436193,Female,25,"RM48,613.00",68,Books,24/04/2024
abf166b4-d189-4be7-96a9-2066faac0d33,Female,41,"RM62,255.00",18,Books,17/02/2025
e04e9001-c312-431c-9154-c69278249355,Female,28,"RM65,126.00",62,Sports,30/08/2024
b0883196-5ce5-4191-b267-85ee0f351e9d,Male,34,"RM88,142.00",37,Home & Kitchen,07/06/2024
78527194-164f-43ce-9986-821ee0415d4e,Male,25,"RM74,256.00",25,Groceries,19/04/2025
c22dc0b7-66ef-41ee-ac00-1f4791ebe510,Female,52,"RM51,346.00",48,Groceries,15/09/2024
13c8d44b-a0de-4fc7-92d2-02e0cca428b4,Female,52,"RM46,523.00",65,Clothing,02/10/2024
cc5fcb15-23c0-4f93-b4c1-4fa350d04a40,Male,50,"RM67,378.00",53,Electronics,15/01/2025
4de6ac37-4745-46c7-8a0c-7d2d6c6e20ff,Female,22,"RM40,196.00",79,Groceries,15/08/2024
c59e3c61-01d4-4187-a618-75f35a49980a,Female,59,"RM87,471.00",73,Books,24/07/2024
175c20c8-b96b-49bb-bb5f-79942addda5e,Male,56,"RM77,691.00",15,Clothing,20/07/2024
88b6f0ca-3723-4195-8868-1ea19279d7d5,Female,58,"RM52,962.00",49,Books,05/03/2025
624d6bb3-b865-4cd9-a2c7-73701bb1754c,Male,45,"RM34,302.00",88,Home & Kitchen,17/04/2025
385d2a18-bbde-425f-beef-de0c8671049e,Female,24,"RM80,308.00",68,Home & Kitchen,07/09/2024
805e4cca-c12e-451e-8efa-885a5639db98,Male,26,"RM58,281.00",12,Sports,05/09/2024
04ecb008-cd86-4054-9c75-44b9cccdb313,Male,25,"RM78,567.00",59,Books,30/01/2025
81dfbc2b-c2ab-4260-a223-032465ad63dc,Female,29,"RM36,083.00",37,Groceries,02/04/2025
50b40f9a-7575-49e8-b3cb-5faf975a4c58,Male,51,"RM51,009.00",61,Electronics,27/11/2024
f5817df5-0826-4b2e-99f7-2c24f77305f3,Male,50,"RM60,078.00",43,Books,12/01/2025
9fae2f2e-4e94-4b0f-99e9-a1d953dd393c,Female,40,"RM60,704.00",70,Groceries,27/08/2024
cd7b3c56-5a61-4b33-aeb2-dc7137f5072d,Male,41,"RM53,249.00",39,Clothing,11/08/2024
65186834-1dd0-447c-840b-5405629abeb2,Male,54,"RM69,342.00",56,Books,28/05/2024
ce3d3570-a167-4a82-8519-35aa964f3317,Female,52,"RM43,985.00",63,Clothing,25/06/2024
813b5edd-07dd-42b7-9df5-13ed04106c8e,Female,61,"RM57,864.00",46,Groceries,24/01/2025
456087c4-a554-4a59-8c3c-a0ca50762fed,Male,57,"RM61,804.00",88,Groceries,27/07/2024
ada21325-1ffd-4fbc-92ec-a7b97e3664ef,Male,39,"RM67,716.00",11,Groceries,24/01/2025
8b5780a2-6518-42ab-82ec-9009be754886,Female,44,"RM70,674.00",62,Groceries,09/12/2024
676cb58a-c960-45f1-83f3-97fed2f0cf17,Female,52,"RM43,130.00",77,Home & Kitchen,24/01/2025
389c6300-b2b1-45a0-be43-f5a90bdded11,Male,18,"RM36,988.00",98,Sports,22/10/2024
cb22e521-91eb-46ea-9f87-295d8c1b88ad,Male,52,"RM79,165.00",25,Groceries,27/01/2025
5c0a0e0d-d61d-4289-b3ce-8645f71138d3,Male,54,"RM64,984.00",71,Home & Kitchen,12/10/2024
e549324e-b3a4-4ab9-b146-d2e13a1c2758,Male,64,"RM48,772.00",52,Electronics,02/09/2024
4c8030b3-01c6-47df-b455-3fea99e5c678,Male,31,"RM83,267.00",4,Home & Kitchen,19/10/2024
8dc280bc-ccc2-466a-8a40-c54a503ea855,Female,20,"RM61,735.00",59,Clothing,22/06/2024
9492e428-4f26-4280-98ee-ebc641e6a04e,Male,18,"RM77,689.00",72,Electronics,19/02/2025
4799b0dd-b814-4eec-be9f-5c45c3470295,Male,22,"RM61,012.00",20,Clothing,17/08/2024
999cb78b-3fb3-490a-b69c-bcebb345f4ae,Male,43,"RM90,911.00",93,Sports,04/01/2025
4cddd0dc-7335-4d14-b2f8-85aa8f799d35,Female,31,"RM86,330.00",63,Books,14/01/2025
fc166d94-f4a9-4d2a-82e0-77202649e635,Male,56,"RM56,265.00",54,Books,10/08/2024
3a3692ac-7097-4352-81fc-fb1fbe1ccfdf,Female,44,"RM74,573.00",74,Home & Kitchen,21/05/2024
d50d56f7-03ad-4c3f-a10c-a16c33532abe,Female,26,"RM69,680.00",98,Clothing,13/04/2025
19fbb4f5-e846-4bfe-985f-e329adf29a64,Male,32,"RM80,529.00",57,Sports,22/08/2024
89c3bfff-f5bc-4368-85b2-c47560ae3184,Male,32,"RM45,526.00",90,Books,27/05/2024
884da6ba-ff0c-4ea9-a1f4-0976a7e4bcee,Female,43,"RM70,290.00",41,Sports,09/09/2024
7f2c57ae-c918-4f61-83d3-9d90f735b93a,Female,59,"RM75,876.00",3,Sports,20/06/2024
4d6aa54f-b0c1-4268-84ec-0c3cb4a98c14,Female,30,"RM33,618.00",6,Books,15/05/2024
54f59781-5308-41c4-a390-3f72c32ad0d5,Female,49,"RM42,251.00",5,Books,16/07/2024
f5f1a1a0-a330-491c-a9a4-be343db91af2,Female,56,"RM29,411.00",5,Electronics,28/08/2024
211c6329-9d31-40a8-b712-f5d4071368b0,Male,49,"RM55,958.00",54,Electronics,14/05/2024
7562d7d0-982a-4e6b-a20d-22453041e703,Male,21,"RM70,763.00",47,Groceries,01/08/2024
3f7d2c0a-2e91-4764-90b8-c86eafa9ec33,Male,47,"RM82,535.00",87,Clothing,03/03/2025
ba578138-1f43-46d3-8044-0e99a97babe8,Male,54,"RM61,111.00",49,Books,14/04/2025
6b02d8f1-ff2b-47b6-9a92-cf46223bbf75,Female,40,"RM84,429.00",9,Sports,27/10/2024
acddfb55-0e5b-497c-b1c2-f7b476a3d268,Male,56,"RM39,298.00",99,Clothing,15/04/2025
67fdea1f-3856-4cf2-9152-57fde5b8bfa8,Male,62,"RM34,449.00",20,Groceries,03/03/2025
776e57e6-7936-46cb-aa9e-a9955a5d009d,Male,32,"RM59,166.00",61,Sports,03/08/2024
4d793545-8cf4-41f0-9abd-5a58c783cc91,Male,60,"RM65,760.00",35,Home & Kitchen,12/04/2025
3f8effd6-cdc8-4c33-9952-f7bba0672b6c,Male,46,"RM59,509.00",50,Groceries,17/07/2024
055755da-8ba6-407c-b1c1-9adb2664524e,Male,53,"RM28,988.00",82,Books,20/12/2024
c1c20b15-21e8-42cd-b4e3-dc892573322a,Male,30,"RM58,663.00",62,Home & Kitchen,20/01/2025
8b579039-9360-4aa0-9206-4625dc73a574,Male,49,"RM40,432.00",17,Home & Kitchen,01/10/2024
a569a157-5a19-423b-8732-21db4e849264,Male,24,"RM70,045.00",88,Groceries,16/10/2024
3ef272a4-b72b-4bbd-a30b-8c117d824b9b,Female,39,"RM65,498.00",3,Books,14/02/2025
6dd5500a-3429-48d5-9549-e191b56c3c75,Male,45,"RM45,901.00",32,Sports,24/05/2024
f6503b2e-89b4-4742-826f-e7c352408ded,Male,19,"RM52,291.00",99,Home & Kitchen,21/01/2025
261b3840-c4f1-4bdd-8692-d0bafb98f109,Female,59,"RM44,111.00",13,Groceries,21/08/2024
d1732ce1-5b7a-42b9-b09a-69cac022b21b,Female,62,"RM59,059.00",89,Groceries,24/01/2025
70a3d605-f1ea-4ac3-9ebb-9f0092a7f02a,Male,23,"RM74,327.00",73,Sports,14/06/2024
3f9d6414-1e0e-437b-9abd-9e91dce0d38e,Male,45,"RM45,214.00",68,Books,13/06/2024
7b170d25-02b6-466a-a7a6-f9d71dad70b0,Female,45,"RM67,560.00",14,Groceries,05/12/2024
2282f2f4-1ded-43e1-94d2-2a8e730ce190,Male,61,"RM52,046.00",98,Groceries,05/08/2024
856f3412-cf70-40ed-aee9-e96566f15cc6,Female,61,"RM48,106.00",11,Groceries,19/06/2024
ac7460fc-3a77-4efa-9828-ca553e968743,Female,37,"RM58,394.00",56,Clothing,01/08/2024
86ad3ef4-dd2d-4394-a320-16333aa30458,Male,47,"RM44,471.00",67,Electronics,27/11/2024
52eda5bf-cadd-49cc-8df0-eb21b7c2d862,Male,28,"RM51,695.00",92,Sports,24/03/2025
6f63415e-683e-4255-ada0-4c0dd059caaa,Male,45,"RM42,031.00",29,Clothing,01/01/2025
0e8c5aa9-06ba-4041-96b8-8b57833eae93,Female,42,"RM89,470.00",9,Groceries,25/12/2024
312d0551-be72-4bda-a68b-82f8004a3837,Female,56,"RM60,528.00",67,Electronics,06/11/2024
d5b4a2d6-98e1-4f3a-b97c-156fcc9d7b43,Female,50,"RM49,504.00",25,Sports,03/02/2025
44fa415f-2e5b-4435-98c9-a39ec4d96bd9,Female,18,"RM63,209.00",98,Home & Kitchen,31/01/2025
d00b81a7-e69e-4a0b-9e62-b3ac41b981a1,Female,44,"RM58,315.00",76,Sports,16/09/2024
d0d0549c-d206-405d-86df-58c5c5d6614b,Male,30,"RM56,685.00",42,Clothing,23/08/2024
c465e507-77fa-4ad8-87e7-b2ab7e4873d1,Male,58,"RM69,212.00",9,Clothing,21/12/2024
94aec85b-7399-4e08-b86f-18b57385c5a4,Male,20,"RM71,362.00",79,Clothing,23/12/2024
0d6cba3e-a667-47e6-be33-f9d0d87874ae,Female,56,"RM52,042.00",40,Sports,25/08/2024
1b832332-6286-4a67-b38b-3d7b785b4162,Female,23,"RM51,362.00",25,Books,19/08/2024
73863a1b-e6cd-46da-9906-97f226215b0d,Male,25,"RM55,874.00",5,Groceries,10/02/2025
178d95de-9d46-4762-b111-c2b61b6d495f,Male,44,"RM25,471.00",11,Sports,18/09/2024
2a045d8a-5cdf-4c1e-8f16-23f27fd5c640,Male,26,"RM37,272.00",59,Home & Kitchen,10/10/2024
98bec0af-9f47-458a-b4c2-4095c946d513,Male,54,"RM80,503.00",98,Home & Kitchen,27/03/2025
ed22988d-e1b7-4563-8446-eb1af223d98e,Female,50,"RM84,674.00",88,Home & Kitchen,11/09/2024
d5569291-0558-425c-a05c-0aa7b2260d0d,Male,59,"RM56,264.00",79,Groceries,11/06/2024
ffa39f80-62f5-4e4a-82c6-6ec13c8f97bf,Female,61,"RM68,648.00",38,Electronics,26/11/2024
a83ac2c4-f98e-47be-bb27-7a261d3395fe,Male,41,"RM64,668.00",72,Clothing,10/02/2025
bb03fb9d-4f0e-4170-97ef-7620ad64897a,Female,32,"RM106,183.00",5,Groceries,27/09/2024
112721e0-1ef6-4db5-8528-346ef664917d,Female,49,"RM76,793.00",48,Clothing,29/05/2024
80e39559-cd99-4748-9067-c3b58f771eca,Male,49,"RM58,081.00",90,Groceries,02/06/2024
8ff94ed0-d6cd-41a2-8b71-e9f696f463ce,Male,41,"RM45,666.00",18,Clothing,09/09/2024
23bf608e-7b95-4565-b883-38a54418d1e4,Female,58,"RM35,903.00",70,Groceries,05/10/2024
ba1a8ed9-9c58-417f-aab5-6e2b7c9387aa,Male,29,"RM63,051.00",37,Electronics,15/03/2025
7c4d8f65-66aa-41d7-8369-21492fd9d8c6,Male,56,"RM48,654.00",60,Sports,18/09/2024
7a465868-52ec-4fe3-b5f6-a5266dbbe4ad,Male,19,"RM38,666.00",48,Home & Kitchen,22/03/2025
5d3cff3d-3b22-4f06-b883-095216b74fc8,Male,20,"RM50,301.00",77,Clothing,01/01/2025
709cb0c8-b030-4257-b59b-0421367bfb91,Male,54,"RM43,776.00",28,Groceries,28/09/2024
9bd3ff0e-8327-48f3-977b-e9927d11b96f,Male,34,"RM85,307.00",69,Electronics,25/05/2024
49fecbe8-25c2-420a-8be8-65985773804d,Female,19,"RM73,224.00",77,Electronics,22/06/2024
41216618-0210-4ff0-af01-f1e06576d0a9,Female,19,"RM59,880.00",81,Home & Kitchen,24/11/2024
7d88381e-ed85-4be3-badf-9b59785a029f,Female,45,"RM82,199.00",40,Groceries,02/08/2024
a3d51573-0cf6-4ba1-9afa-ecdcdc40c4b7,Male,40,"RM61,160.00",45,Sports,31/12/2024
c01ca317-7cf8-4728-8bd1-731d97645dec,Female,54,"RM47,080.00",96,Clothing,25/01/2025
c4cf5af5-2480-4d0b-ba34-4b0e47555f75,Male,49,"RM82,846.00",62,Sports,28/04/2024
4e1d2f15-e734-42dd-921b-71af82a794ff,Male,50,"RM68,083.00",93,Books,14/11/2024
02c9612b-9cda-44d2-92af-744abd3b0be2,Female,18,"RM44,441.00",58,Electronics,16/04/2025
7b80fb6b-a0e7-4d7c-b665-d315cffbb493,Male,36,"RM57,144.00",67,Electronics,21/04/2025
1e53e2b9-cf00-4771-a183-15fa8fd54940,Female,19,"RM46,865.00",56,Home & Kitchen,03/07/2024
d74e5451-aa9e-47b4-bb89-47aac19da6ec,Female,61,"RM39,258.00",40,Groceries,02/10/2024
92587a21-b12b-4bbe-bdb2-ec86ea45f489,Female,43,"RM73,892.00",98,Books,26/09/2024
932b2dc6-32a2-4b37-9eee-b492c1fdb702,Female,49,"RM88,641.00",40,Books,26/09/2024
b8b13387-8020-4d2e-9b7a-9e3889dca688,Female,23,"RM39,021.00",91,Books,17/10/2024
a3c548f5-77b4-406f-ae15-94f65127b29d,Female,49,"RM68,444.00",77,Groceries,17/10/2024
59e33010-748a-44e4-8201-9c740024a776,Male,21,"RM50,240.00",33,Clothing,27/10/2024
f6f6ab4d-13fa-4f48-9bdb-23679bbf108a,Male,28,"RM52,693.00",6,Electronics,04/02/2025
3213bdac-68b7-4acb-a95f-5a0c7c5d8bdc,Female,34,"RM51,114.00",88,Groceries,07/01/2025
52693081-b3c4-4a54-a6c4-9133f14ba1d6,Male,55,"RM47,040.00",19,Books,17/04/2025
dbd164b8-f17d-4ce4-93f7-2ebc9791cfb7,Male,41,"RM60,727.00",80,Electronics,29/09/2024
e46189fb-e3e9-40f6-98af-20511b531880,Male,22,"RM47,535.00",40,Electronics,14/04/2025
01a87070-e718-4e2b-9619-fec12c00c1c7,Female,51,"RM64,056.00",92,Books,03/08/2024
231c49de-30fd-4c0a-8bc4-ff553b54d822,Male,23,"RM59,246.00",97,Books,11/06/2024
5f8bf0f1-ae7b-4cea-8972-dba48f14337a,Male,39,"RM56,415.00",59,Electronics,09/02/2025
e860bfaa-dafd-4c9a-8aee-6a491db85f02,Female,28,"RM46,386.00",59,Home & Kitchen,15/06/2024
a0e57594-7007-48d5-83b0-64dfade228ad,Male,33,"RM51,348.00",48,Sports,29/12/2024
df7e7506-558b-4159-a576-b3dcd8e9fc99,Male,50,"RM71,330.00",41,Sports,02/09/2024
56c3d565-41bd-4104-97a4-7ba323c24625,Male,26,"RM67,513.00",13,Electronics,19/10/2024
154cde89-58f3-4065-bc37-a4385da32f83,Male,23,"RM45,336.00",45,Clothing,21/07/2024
2a8ec308-2b8c-4081-b5de-49d774149da5,Male,33,"RM61,489.00",89,Clothing,13/10/2024
f288ae53-5710-41d7-a09c-a5a68a8b79fe,Male,46,"RM71,270.00",53,Home & Kitchen,30/04/2024
1f322c5a-5e5a-470e-8283-b87306d14d53,Male,20,"RM34,958.00",42,Groceries,23/04/2024
283d75a8-d018-4b35-bb07-ccf2d54b80e2,Female,37,"RM68,150.00",100,Electronics,06/09/2024
7b289808-dcfd-4b63-900d-0942b7659d3b,Male,53,"RM50,060.00",63,Clothing,04/07/2024
055b096c-6e4d-4839-ac27-c5c59ae4dc47,Male,36,"RM68,558.00",27,Electronics,17/04/2025
2aefa72d-2ed8-4ea4-91b2-7bbf599273f7,Male,43,"RM48,551.00",38,Home & Kitchen,28/07/2024
df4c2e80-996c-4ffe-888e-d433448cfdf1,Male,20,"RM32,926.00",60,Books,21/11/2024
bce1d056-e362-49ee-8efd-0d4c8a3a611c,Female,36,"RM35,586.00",7,Home & Kitchen,17/04/2025
c9d77703-adbd-4542-9857-ff5e26a83f42,Female,37,"RM60,721.00",5,Home & Kitchen,30/07/2024
feef077d-ca39-463f-ae60-a369b2b3b9d5,Female,49,"RM63,895.00",45,Home & Kitchen,01/10/2024
d3968ac3-906a-459c-8cfb-32baf750abeb,Male,24,"RM46,435.00",58,Clothing,04/10/2024
bebf8484-2939-43a8-805f-7f1c23750b4e,Female,58,"RM69,578.00",31,Home & Kitchen,21/02/2025
a1cbe62d-2d34-4d0b-bf9e-846f41e0c1a3,Male,50,"RM35,077.00",23,Books,03/02/2025
51fce0e4-8c59-48c2-8416-df8ed426b84d,Female,57,"RM59,008.00",42,Books,21/11/2024
a8fb9092-7386-4c15-896e-0404837cce0f,Female,56,"RM41,834.00",10,Books,17/03/2025
abd4d5bc-f8bb-4b56-ba5b-2525e13c608c,Male,35,"RM50,222.00",32,Groceries,05/06/2024
61a49096-77ea-4cf7-8589-ef8303c3b742,Female,57,"RM60,710.00",53,Home & Kitchen,18/03/2025
4a8436a6-0296-4708-a670-1006a5e6ef16,Female,18,"RM47,093.00",30,Books,25/11/2024
25e80fbb-bd0f-4f2b-9099-818f9e8d44a9,Female,28,"RM54,231.00",39,Groceries,19/01/2025
6f0ddfed-7b7d-4971-ba2f-5bb306a80748,Male,45,"RM75,094.00",31,Home & Kitchen,25/05/2024
33487a5d-516a-49c5-a82b-a1d5b97625e0,Male,42,"RM51,346.00",82,Home & Kitchen,10/01/2025
122c7f3e-1c62-40de-9787-2322b9e676c2,Female,40,"RM72,535.00",100,Electronics,15/05/2024
c4190822-61a7-4e3b-95e2-f6ce85931658,Male,48,"RM43,054.00",2,Home & Kitchen,19/03/2025
87bc646b-d28f-42d3-aa56-d1689a9a0b17,Male,47,"RM67,947.00",78,Sports,11/11/2024
9f99e38f-704f-47bb-8b78-c8442bd871b6,Male,59,"RM81,623.00",77,Electronics,29/01/2025
6683d2f7-8b88-4c84-af82-93d5cb3aa13f,Female,52,"RM22,925.00",93,Clothing,20/08/2024
7e9117f2-a6f8-455a-9e78-9b87d3b53e0b,Male,24,"RM48,046.00",12,Sports,09/07/2024
0601fa4e-6b99-4224-9e31-b30e88939e25,Female,33,"RM68,656.00",39,Clothing,18/05/2024
d64198a2-abfc-402e-a5a8-7d6f7b82ac00,Male,43,"RM56,954.00",66,Groceries,02/11/2024
4fe5d65b-e890-437f-81f5-fbbd36baf617,Male,19,"RM65,567.00",96,Sports,16/09/2024
a68574e9-9946-499d-b178-f8bb3af1cfa4,Female,18,"RM50,940.00",13,Electronics,31/01/2025
ab09ed07-37e7-49a6-a04a-d6fd3fbe8567,Female,29,"RM61,298.00",46,Clothing,05/01/2025
99c896bd-cd45-4824-bb86-01a4906e6b05,Male,22,"RM57,664.00",27,Clothing,01/12/2024
38dc2dd3-2abc-42e4-b216-66f5b1c294f9,Female,54,"RM77,516.00",17,Clothing,27/04/2024
cf0f836c-00b6-4273-b430-cdf52c921397,Female,49,"RM63,816.00",95,Home & Kitchen,21/04/2024
460c666f-ee18-4d23-9952-49b2801c3f30,Male,26,"RM65,064.00",98,Electronics,12/05/2024
c1a3c331-6551-4820-a0f1-fd1efe90e2ec,Female,58,"RM53,821.00",60,Clothing,22/07/2024
e19c7671-080e-48af-aa84-531ed02b8194,Male,52,"RM52,685.00",64,Electronics,30/10/2024
dc00d0e3-b6fa-465b-b40b-d0a565da1e72,Male,36,"RM53,511.00",88,Books,21/10/2024
c358720c-6bde-46f1-8e72-51503714cac9,Female,33,"RM65,916.00",35,Books,16/02/2025
7a74dc68-d352-4914-b238-257d8d59c5e8,Male,20,"RM53,685.00",70,Sports,21/04/2024
79c4ef04-b7fa-4a7e-a4de-1aa0b2d9b56b,Male,37,"RM64,346.00",83,Home & Kitchen,24/10/2024
9129b86d-5b3b-449f-a1cd-c5786c5291ea,Male,41,"RM91,131.00",30,Books,15/06/2024
d63ff701-4b85-4aae-a102-fb125ef97c10,Female,50,"RM73,066.00",71,Groceries,26/09/2024
c5511861-c7e7-4e11-b4f6-f1328891d437,Female,41,"RM55,109.00",74,Electronics,27/11/2024
26cf5398-75c4-4724-a5d0-821ef1d3bc54,Male,28,"RM78,018.00",96,Clothing,22/01/2025
6a2dd392-cf9b-4ccc-8476-b80eb976f854,Female,25,"RM53,878.00",98,Groceries,07/06/2024
b922d19a-703f-4017-9fd1-1607d8857482,Male,53,"RM29,428.00",63,Sports,21/04/2025
706e91d6-9cb7-4016-941f-74377997a36a,Female,55,"RM44,878.00",28,Groceries,19/01/2025
cf4c6b30-4319-4e8c-bd39-27b4c2d4d104,Female,57,"RM31,938.00",60,Sports,17/11/2024
3af264d2-9382-4047-b40a-373e3d0674e7,Female,37,"RM54,727.00",79,Books,03/02/2025
7b1c8974-e6b6-4158-8182-50420949cf32,Male,52,"RM60,276.00",94,Electronics,09/11/2024
dd332daf-2246-45b2-bcc1-34cc7f02cde2,Male,42,"RM85,146.00",37,Sports,29/03/2025
b6a4fc98-c75a-4606-b591-4b0865a6fa1e,Female,52,"RM64,903.00",93,Clothing,19/02/2025
22ad459b-75b3-4d5f-acaf-d1240bc073d7,Female,42,"RM56,713.00",22,Groceries,12/04/2025
3ca1d2e3-2abc-40f3-bb57-a521c3d7b07e,Male,46,"RM72,441.00",68,Sports,02/05/2024
22d9575c-5ca1-4797-b5b6-6f3b91ee7ce3,Male,35,"RM26,832.00",20,Home & Kitchen,19/06/2024
032f8b99-fec0-49fe-bc97-e48c31f3b05b,Female,63,"RM63,534.00",96,Sports,18/04/2025
3f3c046c-bb9b-490c-9dc4-6345c0d0a16d,Male,35,"RM71,562.00",100,Clothing,19/12/2024
7857cadb-938a-464d-bc54-d026435b8d29,Female,19,"RM37,821.00",68,Books,29/01/2025
ee1a9f84-e689-4930-9279-4ab9b2c13441,Male,52,"RM77,156.00",91,Electronics,20/02/2025
4850be42-7e67-4e30-abbc-0a2ff3dad76d,Female,33,"RM65,077.00",64,Home & Kitchen,16/04/2025
b7a74965-5545-440b-8aad-8bc74df706f8,Female,58,"RM53,770.00",17,Clothing,18/05/2024
68bd76f6-3d66-490d-b3f1-bb9a4764344c,Male,53,"RM69,491.00",12,Sports,22/11/2024
c077d94e-8250-40a7-ba8c-0fa0c05766a3,Male,50,"RM94,060.00",22,Clothing,19/12/2024
43821886-ae4a-4396-b052-dd6a641d77fe,Male,21,"RM62,727.00",17,Groceries,10/10/2024
b1bf3ad6-06ef-4737-964f-3a0eced2214f,Male,50,"RM63,723.00",10,Clothing,12/04/2025
f00b0516-39f1-4c04-89bf-c8ea93d19e72,Male,31,"RM53,109.00",65,Electronics,02/06/2024
4961ff70-32c7-49bd-a41a-5141cc2fee27,Female,38,"RM47,252.00",22,Electronics,01/02/2025
1df7ce39-ba89-4983-bf1a-763b433e1606,Male,37,"RM72,455.00",90,Clothing,12/01/2025
b9b47711-0150-44c2-97e6-8a5d8f6379b0,Female,25,"RM47,158.00",82,Groceries,11/10/2024
975cd04f-6cf7-4072-bbd4-40616497bc13,Male,24,"RM61,073.00",50,Home & Kitchen,31/10/2024
a712194b-9974-4782-83e2-65c189dccbc9,Male,20,"RM52,835.00",14,Sports,15/05/2024
37355c42-fe16-4f6b-b46f-80610902f8d0,Female,34,"RM67,184.00",64,Home & Kitchen,11/06/2024
4897d685-a905-4bbe-a9ce-ed627785edd0,Female,50,"RM65,004.00",47,Groceries,16/11/2024
c1596878-a11e-4f76-8a4a-9700171f24b3,Male,29,"RM75,563.00",29,Books,03/09/2024
6d199203-69a2-4351-8b25-50a4228c4882,Female,39,"RM52,349.00",76,Electronics,10/02/2025
94408151-8ca8-4268-a7ae-c91b1795c8c8,Male,39,"RM55,951.00",36,Books,28/01/2025
eade75a0-2ed1-4012-b72b-a8a5d060f6a5,Male,63,"RM45,318.00",99,Sports,06/04/2025
fbe4d373-aedc-4c5d-bdf9-5526f2dde9dd,Male,47,"RM53,335.00",52,Groceries,23/09/2024
62de678a-2c51-4f2b-9d24-69a2922ca6a7,Female,55,"RM65,659.00",76,Sports,09/10/2024
d171b60f-1aa3-42b7-a3f1-8068b3451b50,Female,55,"RM71,354.00",7,Books,15/08/2024
e28004fb-5893-4d7c-ad91-da1cba517e23,Male,62,"RM46,167.00",29,Groceries,18/04/2025
9af30ee3-cd7e-4185-8527-561f1f316d7c,Male,25,"RM73,044.00",11,Home & Kitchen,20/12/2024
960a73d5-233b-4e36-90d0-cbd97c529c7e,Male,44,"RM80,334.00",33,Home & Kitchen,22/06/2024
59b206ab-ac15-49ea-bde8-23b558b418cd,Male,44,"RM66,201.00",6,Books,23/06/2024
26837838-1286-4d29-9dd2-b31f7f49e91d,Female,51,"RM88,151.00",79,Books,09/06/2024
b53d4d46-889b-4e70-b032-98337a0374da,Male,38,"RM48,393.00",32,Electronics,19/12/2024
a2533851-c5fb-4aed-b621-038217c406c9,Male,47,"RM41,330.00",51,Home & Kitchen,16/02/2025
1d6850fe-deef-4b04-bc51-a754af283859,Female,50,"RM33,319.00",75,Electronics,27/09/2024
23721a06-c278-47c3-b82e-4ce33f382021,Female,45,"RM82,440.00",58,Books,13/07/2024
60a72c6a-b56e-4097-861c-15144a384463,Male,64,"RM69,815.00",87,Sports,13/10/2024
7f08bf79-7823-4300-b1b4-a7104fec55fb,Female,50,"RM59,166.00",26,Groceries,22/08/2024
94c429d7-ada3-4581-afb3-436b708aaaef,Male,22,"RM64,199.00",98,Home & Kitchen,24/09/2024
c2ff29f2-099d-461e-accd-5e30dfedb8b0,Male,36,"RM43,117.00",46,Groceries,21/10/2024
bda0ef73-36c0-4698-987d-89ce24435890,Female,21,"RM96,686.00",98,Electronics,14/05/2024
3bf66f24-999d-4d37-a6b0-384e903cf978,Male,52,"RM61,938.00",29,Electronics,30/01/2025
53f06d3a-32f7-4704-bffe-b30895f592fb,Female,34,"RM61,640.00",4,Clothing,17/07/2024
6c90f9a1-ba8b-4a93-88bd-3b45e9e26d8b,Male,61,"RM70,886.00",81,Sports,09/02/2025
e6eee6a2-09bf-4955-a001-9650817d8ccc,Male,45,"RM67,215.00",99,Home & Kitchen,21/01/2025
110c6b77-3ac2-4c4e-bf42-e08e407f589b,Female,47,"RM63,358.00",13,Home & Kitchen,04/02/2025
2b7a7a28-13dd-4e50-aab6-38da93f54aa1,Female,46,"RM48,142.00",39,Electronics,25/03/2025
3f870a40-518f-461c-a6f5-b9cfa8696949,Female,63,"RM67,072.00",15,Sports,20/02/2025
db64e998-f2f5-4f62-ac20-c3782afec3cc,Male,23,"RM88,230.00",29,Groceries,28/08/2024
438fa0b4-7b5c-4ef4-aa15-0b23231f93e3,Male,52,"RM80,181.00",29,Home & Kitchen,02/02/2025
136e17d0-7a7c-43e9-aec4-bb3cf4bb9a30,Male,58,"RM83,897.00",75,Electronics,18/07/2024
2c27d8ad-8ee6-487a-8124-dba99758f1a0,Male,54,"RM52,331.00",32,Clothing,13/10/2024
4c43cdfb-295a-4a8c-a749-b7c8e9450c74,Female,41,"RM45,155.00",2,Books,21/03/2025
76ff6e07-8a78-453a-b7c9-d1def244bf4a,Female,46,"RM58,113.00",47,Home & Kitchen,17/06/2024
da622387-44e6-45d6-951c-d8f94800d16e,Female,63,"RM60,835.00",78,Sports,24/03/2025
0e20c1ac-0fe4-44c1-8815-e83836431c6e,Male,48,"RM76,412.00",84,Books,25/02/2025
ddea137a-64b5-44bf-9034-ee70b7f15f7f,Female,52,"RM34,613.00",22,Groceries,18/11/2024
9c3e96d9-b39b-43cf-adcf-4563e04d8ebf,Female,50,"RM82,943.00",75,Clothing,02/07/2024
1729897d-1ea8-4074-9009-a74ff443747e,Female,38,"RM57,629.00",27,Home & Kitchen,31/10/2024
cd12dbcc-95f8-4ac9-8917-b0ec8bfd42e1,Female,49,"RM53,596.00",67,Books,20/05/2024
44ed36ff-e58f-4867-9fe0-4d8b5e506bc4,Male,40,"RM44,818.00",81,Sports,04/05/2024
73322a3f-0a64-4cc3-8f73-7c77d0c98893,Male,50,"RM35,177.00",56,Books,19/07/2024
b1ecd819-9edb-4144-9b14-65c0a4c3fdc1,Female,20,"RM72,347.00",92,Electronics,26/08/2024
9d2cbf76-a3f7-4bbc-8c1d-b4e648769fc8,Male,35,"RM61,099.00",93,Books,27/12/2024
6bfed2ad-b2f2-4440-82a5-4c33624533ff,Female,42,"RM40,650.00",21,Groceries,11/10/2024
8d180521-0ed2-4fcb-bc6a-ea3af75de43b,Male,59,"RM40,573.00",47,Books,22/06/2024
cd8d27f2-dda3-4ec9-b1b2-9d2125cb0931,Male,48,"RM54,963.00",80,Groceries,25/02/2025
1b0a884b-588a-4431-a422-28a0cbc0662a,Female,20,"RM85,035.00",59,Groceries,01/03/2025
850d4102-37c8-46bb-8400-d3a262c2f814,Female,57,"RM56,106.00",84,Sports,03/12/2024
8348d362-2791-4a0e-adb7-52f856a1324e,Female,63,"RM37,452.00",6,Electronics,28/10/2024
729c41af-c4d9-492a-8a25-b2516914b524,Female,41,"RM56,313.00",19,Clothing,15/01/2025
3fc89929-4bdf-42b8-9086-6a3d2429ee8f,Male,49,"RM55,909.00",57,Groceries,28/12/2024
1818ad34-4d30-4518-91c8-f7174dcba48f,Female,64,"RM19,546.00",69,Books,28/04/2024
a53225a8-ce95-4883-a3ea-8e3d266aec79,Male,39,"RM59,185.00",3,Sports,09/07/2024
f620030b-a214-4200-ac0f-c6dbc36d0853,Female,40,"RM56,535.00",1,Books,26/12/2024
f892940c-7017-4002-930d-5da63220b40f,Male,19,"RM70,443.00",58,Groceries,24/11/2024
13a9ea35-e284-4d2b-8aaa-9cc9f3ac91fb,Female,44,"RM87,734.00",38,Sports,18/05/2024
5f3f39f1-fc29-4ded-863d-627f0e588199,Male,59,"RM76,898.00",15,Books,14/10/2024
09d175af-6fde-4377-996e-5f9041c2f22d,Male,19,"RM55,966.00",34,Home & Kitchen,12/09/2024
cbb5484a-84d0-4770-a76a-637a1900cdbf,Female,43,"RM43,402.00",61,Electronics,11/03/2025
465b0f79-8e56-4754-9375-f963171c4ae5,Female,34,"RM98,600.00",35,Books,30/01/2025
a438482e-efa3-4623-835d-1574a4b8729b,Male,57,"RM60,888.00",64,Electronics,29/04/2024
ad8ea21c-fa8d-4305-a4d6-b6b916a2a77f,Female,50,"RM60,208.00",25,Groceries,30/10/2024
0e6dd9da-84f0-43a0-b61f-67973436ac4d,Female,26,"RM59,638.00",24,Groceries,17/04/2025
1ea05e3b-f42d-420c-9147-65531d686698,Male,60,"RM62,971.00",12,Groceries,25/03/2025
a6aa51f6-7897-4231-8cfe-6fa41653f9bb,Female,56,"RM57,834.00",18,Electronics,05/08/2024
ec6542c2-13e4-4cd3-a28d-8b38cec70f26,Female,46,"RM51,395.00",15,Books,22/08/2024
37b0f4cf-e955-4dea-aeb8-6c532e363483,Female,59,"RM51,797.00",80,Home & Kitchen,18/08/2024
59aa06bb-162a-4486-879b-e4d461b908e8,Female,43,"RM59,508.00",27,Electronics,14/04/2025
8b6ae00b-c15d-4693-b2d7-07b8f99d2bd0,Female,52,"RM51,848.00",72,Sports,25/02/2025
bb06a778-7a3d-4325-8596-13227fd749d6,Female,42,"RM49,307.00",60,Home & Kitchen,29/05/2024
5efc99ba-9587-473d-b138-65f7b6ca2a4f,Male,41,"RM61,596.00",46,Books,15/07/2024
7650e88b-3cf2-416b-9aed-33502441df9b,Male,30,"RM56,175.00",89,Books,24/07/2024
1e03441f-3bb2-4b2a-b805-b697e76ad7d2,Female,24,"RM82,559.00",17,Electronics,03/03/2025
1ed25106-12be-4614-b13c-c2b45314620d,Female,53,"RM20,235.00",93,Clothing,31/07/2024
5d2e19e3-00a8-4295-b469-92e824b5a41a,Male,62,"RM76,372.00",53,Home & Kitchen,03/04/2025
1d65bb48-e7be-4734-90b4-d277e1ceaee0,Female,37,"RM78,691.00",8,Groceries,24/04/2024
9a6ac9c7-3034-4c73-a546-e9ed004ce2c2,Female,18,"RM28,899.00",79,Home & Kitchen,06/01/2025
d159d22c-309d-4d9d-a18c-260fe2affba5,Male,25,"RM54,859.00",27,Books,15/03/2025
3a6fe471-d88f-43c1-9102-f89549520679,Female,63,"RM54,428.00",46,Sports,23/04/2024
c038b17a-a69a-427f-8d88-3fab47f232c6,Female,33,"RM38,887.00",50,Books,31/07/2024
9c64d02e-07a6-4bc8-88cc-328970da51af,Male,31,"RM48,332.00",71,Electronics,21/05/2024
d5ccedf7-e162-4727-866b-8f283f5ac568,Female,29,"RM43,341.00",3,Clothing,25/09/2024
3683ae02-ab80-494c-8c97-d2db5c460df6,Female,40,"RM86,284.00",93,Groceries,07/05/2024
ca5c6e52-a2dc-4bbe-a2de-99e62ae1742a,Female,32,"RM74,035.00",64,Home & Kitchen,09/07/2024
6122f565-0b07-451d-a98b-40e895b83378,Female,45,"RM79,073.00",44,Clothing,14/09/2024
12bbe159-c4b8-477b-bef3-9cdf39ad81ad,Female,51,"RM70,825.00",53,Groceries,05/09/2024
483e5679-3c01-412b-90c9-5cd67537c2c8,Male,19,"RM43,064.00",24,Books,31/01/2025
17b6c5f5-562c-4018-b30d-d75200345054,Female,49,"RM52,132.00",60,Sports,30/03/2025
ba3ecee1-3bea-4a63-a6a7-57257217fbb3,Male,40,"RM67,340.00",3,Books,20/07/2024
e4dd9c86-77e4-46eb-bb60-5f64c3ffaceb,Male,39,"RM41,668.00",20,Electronics,28/10/2024
7a0a1f3c-41d5-46b0-a202-ad2c11d02808,Female,42,"RM70,694.00",46,Electronics,10/09/2024
54ca8ed5-388d-4152-b43b-ef453d67d768,Female,39,"RM56,395.00",15,Sports,15/10/2024
9862525f-bf77-4c7b-af76-64ec7069c3a3,Male,39,"RM54,377.00",25,Home & Kitchen,15/07/2024
5b64c996-d403-4f12-b62f-87017889c2fe,Male,59,"RM70,664.00",94,Clothing,10/02/2025
098e8b95-f358-417e-8a69-35778863a7ba,Female,23,"RM66,663.00",78,Sports,02/09/2024
f565f650-4545-4374-9a11-578f33dc6747,Male,32,"RM54,585.00",71,Clothing,08/08/2024
48d3f462-53e7-4fcb-bddb-4fb480a17822,Male,60,"RM77,389.00",17,Groceries,12/06/2024
11dd2183-61be-4816-bfae-1327a8a2d087,Male,54,"RM43,784.00",84,Home & Kitchen,31/01/2025
adcd481e-d7af-47e0-90cc-aaf54458c087,Male,50,"RM69,239.00",100,Electronics,02/03/2025
1b596526-7ad3-4d1e-b838-af18a1967918,Male,25,"RM68,896.00",9,Home & Kitchen,23/02/2025
3c58f667-55b4-42f1-bea8-a4591ce02ec4,Male,61,"RM55,356.00",38,Books,01/08/2024
c88fe4fe-12ae-471f-be0a-a99e00494e93,Female,61,"RM64,891.00",48,Electronics,09/01/2025
c3bcebe4-fa15-4acf-aab4-54a56b8e97f5,Male,22,"RM41,233.00",60,Clothing,22/08/2024
923ca98b-416a-4858-bc49-5a39e4962033,Female,56,"RM73,860.00",63,Electronics,13/10/2024
0bb030b2-6976-4521-94ea-c6ee416d4e7d,Female,21,"RM57,226.00",86,Books,26/11/2024
1ab5153f-4bee-4120-9989-6e7275c905bd,Male,23,"RM52,159.00",2,Electronics,15/09/2024
6fd20231-f804-47eb-a801-682703b03731,Female,62,"RM75,735.00",88,Sports,05/11/2024
da053545-5a8b-4c1e-b971-5af2fb517f40,Female,49,"RM49,434.00",72,Clothing,28/02/2025
ef3e3af9-0a5e-43bc-94c0-924ce18a150c,Female,47,"RM38,873.00",11,Books,14/11/2024
c7be78a2-b188-4ad7-9c8b-ec694585e70f,Male,64,"RM36,650.00",64,Sports,11/01/2025
3a65d35a-24ef-4c55-b5b3-d446ba355d2e,Male,52,"RM69,090.00",77,Groceries,27/06/2024
1e44c88e-030f-4849-a909-91aad1fb0bac,Male,57,"RM40,793.00",81,Home & Kitchen,01/05/2024
dc33e907-2093-4a15-80ae-c012fffae77f,Male,33,"RM86,321.00",72,Sports,04/11/2024
3af23931-e668-4f56-a42d-d7091f37a04c,Female,30,"RM28,771.00",21,Groceries,24/11/2024
7d59b6f2-b09f-4a6b-b770-d9f3246a24ed,Male,59,"RM85,446.00",18,Books,03/12/2024
e8f99ef1-f405-4019-b7cd-e1a562bff935,Male,47,"RM63,165.00",94,Books,11/08/2024
cdef02c8-29b1-4c26-ac5c-8f2533e28e1e,Female,36,"RM58,549.00",64,Books,21/03/2025
68592f0a-3e3e-496d-b43f-e492e9f79388,Male,34,"RM51,826.00",82,Clothing,29/11/2024
9b85a527-25d6-4b3b-986b-670e239fc531,Male,36,"RM65,987.00",95,Books,21/01/2025
0489be3f-f6a5-4205-abf4-ffe2c8874857,Male,45,"RM59,435.00",38,Home & Kitchen,29/06/2024
61307dcd-8410-41e4-9c99-c38885aafd18,Female,43,"RM76,549.00",32,Clothing,13/05/2024
0ea69288-3d65-42ff-8dfa-5caa21e3d5a1,Male,54,"RM61,713.00",11,Books,15/11/2024
87be17ff-a382-46e8-9c62-7f134596d9f2,Female,43,"RM62,254.00",45,Clothing,10/04/2025
030a1ac4-60f9-4493-85c4-e3290ec57965,Female,40,"RM54,545.00",89,Home & Kitchen,05/06/2024
e94332be-3c82-4362-b2c4-af00ec946499,Female,26,"RM59,145.00",33,Home & Kitchen,20/05/2024
25c41416-6158-4a1b-8f2f-202cf05d022f,Female,29,"RM64,617.00",41,Sports,07/04/2025
9df88912-3f36-46b8-99b5-499b49ccfd34,Female,18,"RM34,347.00",8,Clothing,22/07/2024
f3715510-63a3-4d84-8491-2c3da62b6143,Male,18,"RM39,777.00",11,Electronics,10/02/2025
818327b9-e5e4-4bc0-bcd2-4b77e17ee92c,Female,64,"RM71,148.00",86,Groceries,19/11/2024
617c3ac4-e3df-4fd9-aceb-d4105aef0ed0,Female,51,"RM62,562.00",51,Books,18/09/2024
892b31cd-8178-4a5b-9ba6-97c11d293ce6,Female,49,"RM57,240.00",88,Groceries,03/10/2024
ceb7c4af-11ec-4dca-8df3-8db0e078977d,Male,42,"RM60,276.00",41,Home & Kitchen,22/03/2025
bded1498-5089-48cb-bcf8-32fd747cf6f2,Female,57,"RM65,213.00",17,Groceries,22/12/2024
8f0eb19e-cc83-4dec-bd25-60dfac9f51ad,Female,62,"RM51,903.00",76,Electronics,06/04/2025
92e62558-088e-4b88-a83f-52254838e8a5,Male,18,"RM48,325.00",46,Groceries,05/09/2024
6234e6b2-34f2-4cba-a079-009b5ea996cc,Female,33,"RM62,937.00",32,Sports,24/03/2025
4b4f7dd0-51a1-4720-9587-d32780860843,Female,56,"RM45,324.00",79,Groceries,27/11/2024
220efed1-4f8a-40b5-8100-658fed824b07,Male,22,"RM66,123.00",80,Home & Kitchen,20/09/2024
112c8d93-c4af-41f7-afd8-3ab5f30b5823,Female,39,"RM34,461.00",54,Home & Kitchen,23/11/2024
b8afc081-9069-4c5f-a1bc-7b54e04407ff,Male,46,"RM75,437.00",86,Sports,15/05/2024
948b0239-77b9-43aa-a34b-9a5b143ecfc4,Female,20,"RM67,088.00",92,Books,24/10/2024
46688097-526d-4a1d-ac03-610151faabdd,Female,29,"RM63,840.00",20,Clothing,21/12/2024
47374c8b-bb5e-4d2f-a6e9-8e8b6411e298,Female,43,"RM74,740.00",33,Books,17/05/2024
b7fafb7c-47c1-42e3-8188-352a8fcf1c6d,Male,33,"RM84,982.00",74,Home & Kitchen,08/05/2024
3db8962d-6bf4-4fc5-9f60-1e92958463f8,Male,54,"RM75,215.00",40,Books,23/04/2024
55e54999-aaab-423e-ad5c-e2cca3ec9601,Male,39,"RM32,386.00",32,Groceries,26/07/2024
edf43e8b-acae-4986-a632-80d8dfe08cca,Male,46,"RM40,806.00",97,Groceries,07/09/2024
1254ae7b-931f-49ba-acae-dd9b9ad9a251,Female,31,"RM50,627.00",2,Home & Kitchen,18/05/2024
cf5eff4a-da48-43e1-abd0-034a9df5f0d5,Male,45,"RM60,391.00",97,Home & Kitchen,15/02/2025
37a26400-ba22-4f6d-a6a4-2c9666d3c272,Male,22,"RM67,764.00",33,Books,06/11/2024
17c51f48-0236-4b35-8ec6-3e6861d05965,Male,64,"RM49,113.00",77,Books,01/12/2024
72e2bb1e-382c-4931-8e47-df177b33ee22,Female,47,"RM62,801.00",30,Groceries,07/12/2024
09a6032b-390d-4ccd-8515-93063e64204e,Female,63,"RM48,669.00",33,Clothing,20/11/2024
f6d3c60a-7138-431f-8a82-4d2c3e02dd7f,Female,22,"RM50,827.00",77,Sports,16/09/2024
a85a363d-8c81-49cd-8959-2f104aed19bf,Female,29,"RM38,900.00",26,Clothing,03/06/2024
db47bab5-4b32-4436-9a0b-de18b335ac42,Female,33,"RM46,151.00",22,Home & Kitchen,08/07/2024
a0098e28-c2ee-46a9-a894-2953fd3cc366,Male,43,"RM39,724.00",66,Books,16/04/2025
03fbf728-e640-4281-ad98-0cdb986404db,Male,43,"RM45,361.00",38,Clothing,25/08/2024
c207daeb-67b8-4831-8212-e22a7af9e69c,Female,38,"RM75,804.00",90,Books,03/08/2024
eda96a6a-3993-4663-911b-7b79b656eab1,Female,56,"RM45,759.00",46,Electronics,21/09/2024
897872b1-7443-4783-982f-c9d68f3eac18,Male,53,"RM99,485.00",15,Groceries,16/05/2024
c40b591f-3d74-48ea-916d-29a1de9ad871,Female,50,"RM67,399.00",98,Sports,18/10/2024
81068ec4-6bab-4395-ad86-045f747dd1b3,Female,47,"RM62,772.00",44,Books,25/11/2024
840faceb-4ee3-4edb-885f-16105347b8dd,Male,54,"RM47,124.00",49,Sports,23/03/2025
57ea07e4-3552-4532-b00d-148acf0a69da,Female,40,"RM70,504.00",75,Books,14/12/2024
11e7cdf9-dd0e-4fd6-8215-d9198c5783ce,Female,27,"RM51,365.00",61,Books,09/12/2024
2f750c9a-07cc-413b-9341-aea1e99a9bd8,Female,22,"RM61,830.00",67,Sports,07/06/2024
d4829227-806c-48d5-81ca-2bfefec07c0c,Female,53,"RM98,401.00",6,Sports,23/11/2024
5e028208-7f53-4ca0-8014-f986a2ccf997,Male,51,"RM58,559.00",9,Clothing,02/10/2024
0a573e6a-e0ae-44f2-8823-aba6c3ac14f2,Female,48,"RM77,239.00",6,Books,09/02/2025
ca4f2d52-62bf-42cf-ba49-2eb02c05113e,Male,27,"RM49,452.00",73,Electronics,04/12/2024
b8ce39e0-f045-4a1d-bb04-2a22091ac0e0,Female,36,"RM59,475.00",95,Clothing,07/10/2024
da2efe4b-4c39-4b5c-9229-ba5fec20e7a0,Female,49,"RM86,562.00",32,Home & Kitchen,22/03/2025
43e4db20-7361-47d1-9f75-7beaaee9f742,Female,18,"RM50,595.00",41,Home & Kitchen,10/09/2024
c31e35d1-4e22-4e3b-8453-b4c365111298,Male,22,"RM87,186.00",76,Groceries,12/08/2024
fcfe5632-2cae-4969-809c-8ffdd253de28,Female,62,"RM70,616.00",8,Electronics,02/01/2025
e0015e31-d559-4bae-aefa-d8f3b2435cb7,Female,21,"RM51,562.00",72,Books,01/02/2025
d5714af5-c13c-4de4-a2d5-29c9e5a9967f,Female,33,"RM69,486.00",50,Electronics,26/10/2024
896e3845-f4ff-4c1c-801b-66b136716b34,Male,41,"RM74,588.00",92,Home & Kitchen,21/01/2025
c2ce1a6c-edf0-43e9-bc2c-e5579ddb691c,Female,33,"RM69,327.00",62,Books,31/12/2024
6671e40e-8b04-4714-a25d-90c5b092cc53,Male,19,"RM36,446.00",84,Electronics,29/09/2024
cc2dd85a-6c1b-4613-bb27-f61830d54636,Male,45,"RM49,092.00",62,Sports,11/01/2025
ccc21147-8da7-449e-adc5-e08ab9ae3c7c,Female,49,"RM56,287.00",7,Clothing,03/07/2024
ef9022f6-60f7-4cf8-8886-5232e80cc884,Male,44,"RM58,883.00",75,Books,11/01/2025
36c64acd-abd4-4b9b-8b5d-8f6ab275359e,Male,37,"RM69,310.00",84,Sports,23/06/2024
63a1a271-f8e4-40a5-bc85-8ea37d2eef47,Female,41,"RM62,665.00",80,Clothing,08/06/2024
709a95d8-a871-4d1c-905e-26188473dbc6,Male,29,"RM39,969.00",4,Electronics,13/01/2025
c9815d67-f7d0-49c6-9a09-106a526c4e3e,Female,52,"RM65,702.00",6,Books,14/07/2024
ab05f91b-c964-4087-b8c9-0d51942c5cd1,Male,50,"RM69,158.00",58,Groceries,05/12/2024